{
  "ah": {
    "HISTORICAL_AH": "FORWARD_ONLY",
    "settlement_replay_verified": true
  },
  "decisions_allowed": [
    "NOT_READY",
    "SKIP",
    "WATCH"
  ],
  "models": {
    "elo": {
      "brier": 0.617993,
      "ece": 0.079023,
      "log_loss": 1.029258,
      "ou_log_loss": 0.708492,
      "reliability": [
        {
          "accuracy": 0.3269230769230769,
          "bin": 3.0,
          "confidence": 0.3813881084025811,
          "count": 52.0,
          "weight": 0.23963133640552994
        },
        {
          "accuracy": 0.5153374233128835,
          "bin": 4.0,
          "confidence": 0.433428874711864,
          "count": 163.0,
          "weight": 0.7511520737327189
        },
        {
          "accuracy": 1.0,
          "bin": 5.0,
          "confidence": 0.517693923469019,
          "count": 2.0,
          "weight": 0.009216589861751152
        }
      ],
      "rps": 0.219528,
      "score_log_loss": 3.429441,
      "slices": {
        "competition:WorldCup2026Qualifiers": {
          "brier": 0.617993,
          "count": 217,
          "ece": 0.079023,
          "log_loss": 1.029258,
          "rps": 0.219528
        },
        "favorite_strength:balanced": {
          "brier": 0.650251,
          "count": 178,
          "ece": 0.023495,
          "log_loss": 1.074141,
          "rps": 0.230354
        },
        "favorite_strength:moderate_favorite": {
          "brier": 0.470763,
          "count": 39,
          "ece": 0.401684,
          "log_loss": 0.82441,
          "rps": 0.170117
        },
        "neutral:False": {
          "brier": 0.617993,
          "count": 217,
          "ece": 0.079023,
          "log_loss": 1.029258,
          "rps": 0.219528
        },
        "year:2026": {
          "brier": 0.617993,
          "count": 217,
          "ece": 0.079023,
          "log_loss": 1.029258,
          "rps": 0.219528
        }
      }
    },
    "residual_blend_research_only": {
      "not_candidate_not_recommendation": true,
      "research_only": true,
      "status": "WATCH"
    },
    "simple_poisson": {
      "brier": 0.555363,
      "ece": 0.124423,
      "log_loss": 0.94232,
      "ou_log_loss": 0.683217,
      "reliability": [
        {
          "accuracy": 0.2972972972972973,
          "bin": 3.0,
          "confidence": 0.3797782528677696,
          "count": 37.0,
          "weight": 0.17050691244239632
        },
        {
          "accuracy": 0.5145631067961165,
          "bin": 4.0,
          "confidence": 0.4463234692694926,
          "count": 103.0,
          "weight": 0.47465437788018433
        },
        {
          "accuracy": 0.8,
          "bin": 5.0,
          "confidence": 0.5417721933868123,
          "count": 50.0,
          "weight": 0.2304147465437788
        },
        {
          "accuracy": 0.7619047619047619,
          "bin": 6.0,
          "confidence": 0.6434746132695389,
          "count": 21.0,
          "weight": 0.0967741935483871
        },
        {
          "accuracy": 1.0,
          "bin": 7.0,
          "confidence": 0.7465338848411074,
          "count": 6.0,
          "weight": 0.027649769585253458
        }
      ],
      "rps": 0.189636,
      "score_log_loss": 3.204712,
      "slices": {
        "competition:WorldCup2026Qualifiers": {
          "brier": 0.555363,
          "count": 217,
          "ece": 0.124423,
          "log_loss": 0.94232,
          "rps": 0.189636
        },
        "favorite_strength:balanced": {
          "brier": 0.639408,
          "count": 90,
          "ece": 0.11731,
          "log_loss": 1.059752,
          "rps": 0.224555
        },
        "favorite_strength:moderate_favorite": {
          "brier": 0.537586,
          "count": 100,
          "ece": 0.133888,
          "log_loss": 0.919047,
          "rps": 0.177552
        },
        "favorite_strength:strong_favorite": {
          "brier": 0.341051,
          "count": 27,
          "ece": 0.148438,
          "log_loss": 0.637078,
          "rps": 0.117996
        },
        "neutral:False": {
          "brier": 0.555363,
          "count": 217,
          "ece": 0.124423,
          "log_loss": 0.94232,
          "rps": 0.189636
        },
        "year:2026": {
          "brier": 0.555363,
          "count": 217,
          "ece": 0.124423,
          "log_loss": 0.94232,
          "rps": 0.189636
        }
      }
    },
    "stage6_dixon_coles_market": {
      "btts_log_score": 0.691712,
      "exact_score_log_score": 2.854905,
      "market_reproduction_residual": 0.053483,
      "one_x_two_brier": 0.573217,
      "one_x_two_log_loss": 0.972542,
      "ou_log_score": 0.685826,
      "rho_policy": "W1_RHO_REFERENCE_CANDIDATE_ONLY",
      "sample_count": 128,
      "walk_forward": {
        "fold_count": 96,
        "initial_train_size": 32
      }
    },
    "stage6_power_market": {
      "brier": 0.482738,
      "ece": 0.053861,
      "log_loss": 0.815571,
      "rps": 0.155694
    },
    "stage7_best_independent": {
      "brier": 0.552389,
      "ece": 0.092644,
      "log_loss": 0.937396,
      "rps": 0.187491
    },
    "stage7_calibrated_independent": {
      "brier": 0.54476,
      "ece": 0.082027,
      "log_loss": 0.926395,
      "rps": 0.184752
    },
    "uniform": {
      "log_loss": 1.098612,
      "rps": 0.222222
    }
  },
  "paired_bootstrap_ci": {
    "ci_high": 0.184813,
    "ci_low": 0.0617,
    "mean_delta": 0.122743
  },
  "same_fixture_count": 214,
  "slices": {
    "competition:WorldCup2026Qualifiers": {
      "brier": 0.546224,
      "count": 217,
      "ece": 0.094297,
      "log_loss": 0.928585,
      "rps": 0.18543
    },
    "favorite_strength:balanced": {
      "brier": 0.649038,
      "count": 71,
      "ece": 0.096791,
      "log_loss": 1.074656,
      "rps": 0.226469
    },
    "favorite_strength:moderate_favorite": {
      "brier": 0.568372,
      "count": 103,
      "ece": 0.071113,
      "log_loss": 0.959579,
      "rps": 0.186736
    },
    "favorite_strength:strong_favorite": {
      "brier": 0.32341,
      "count": 43,
      "ece": 0.145714,
      "log_loss": 0.613159,
      "rps": 0.114538
    },
    "neutral:False": {
      "brier": 0.546224,
      "count": 217,
      "ece": 0.094297,
      "log_loss": 0.928585,
      "rps": 0.18543
    },
    "year:2026": {
      "brier": 0.546224,
      "count": 217,
      "ece": 0.094297,
      "log_loss": 0.928585,
      "rps": 0.18543
    }
  }
}